locus,gene,rank,sequence,efficiency_score,off_target_score,gc_content,strand,position
EMX1 exon 3,EMX1,1,GATGTCACCTCCAATGACTA,0.4284,0.717,0.45,+,160
EMX1 exon 3,EMX1,2,GGGCAACCACAAACCCACGA,0.3898,0.86,0.6,+,184
EMX1 exon 3,EMX1,3,GCTCCCATCACATCAACCGG,0.3544,0.723,0.6,+,101
EMX1 exon 3,EMX1,4,GACATCGATGTCCTCCCCAT,0.3518,0.683,0.55,-,143
EMX1 exon 3,EMX1,5,TGGGCAACCACAAACCCACG,0.3466,0.763,0.6,+,183
EMX1 exon 3,EMX1,6,GAGTCCGAGCAGAAGAAGAA,0.3324,0.837,0.5,+,79
EMX1 exon 3,EMX1,7,TTGCCCACCCTAGTCATTGG,0.3315,0.86,0.55,-,167
EMX1 exon 3,EMX1,8,ATTGCCACGAAGCAGGCCAA,0.3249,0.883,0.55,+,127
EMX1 exon 3,EMX1,9,GGTGATCGAAGAACTTCTGG,0.3198,0.717,0.5,+,15
EMX1 exon 3,EMX1,10,TGGTTGCCCACCCTAGTCAT,0.3177,0.86,0.55,-,170
VEGFA exon 1,VEGFA,1,CAGCAGCAGCAGCAGCGGCA,0.2551,0.83,0.7,+,217
VEGFA exon 1,VEGFA,2,TGCTGCTGCTGCCGCTGCTG,0.1793,0.83,0.7,-,67
VEGFA exon 1,VEGFA,3,GCAGCAGCAGCAGCAGCGGC,0.1771,0.63,0.75,+,216
VEGFA exon 1,VEGFA,4,CCGCTGCTGCCGCCGCTGCC,0.1668,0.697,0.85,-,8
VEGFA exon 1,VEGFA,5,AGCAGCAGCAGCGGCAGGGG,0.1448,0.533,0.75,+,221
VEGFA exon 1,VEGFA,6,AGCAGCAGCAGCCGCAGCAG,0.1433,0.83,0.7,+,56
VEGFA exon 1,VEGFA,7,CCGGGCAGCGGCGGCAGCAG,0.1414,0.753,0.85,+,8
VEGFA exon 1,VEGFA,8,CAGCAGCAGCGGCAGGGGCG,0.133,0.417,0.8,+,223
VEGFA exon 1,VEGFA,9,AGCAGCAGCAGCGGCAGCAG,0.1065,0.83,0.7,+,107
VEGFA exon 1,VEGFA,10,AGCAGCAGCAGCGGCAGCAG,0.1065,0.83,0.7,+,146
DNMT1 exon 2,DNMT1,1,GGTTCCGACTCGGACTCGGG,0.353,0.47,0.7,-,79
DNMT1 exon 2,DNMT1,2,TCGGGTTCCGACTCGGACTC,0.3463,0.737,0.65,-,82
DNMT1 exon 2,DNMT1,3,CGCCCCGCCCGAGTCCGAGT,0.3146,0.627,0.8,+,75
DNMT1 exon 2,DNMT1,4,CGAGTCGGAACCCGAGCTCC,0.3134,0.687,0.7,+,90
DNMT1 exon 2,DNMT1,5,AGCGCGGCGCTGGAGGAGGG,0.2974,0.45,0.8,+,142
DNMT1 exon 2,DNMT1,6,GGAACTCGCCGAGCCCGTGC,0.2863,0.733,0.75,+,111
DNMT1 exon 2,DNMT1,7,GAGCCGCAGCAGCGGCAGGG,0.2756,0.473,0.8,+,178
DNMT1 exon 2,DNMT1,8,GAACTCGCCGAGCCCGTGCC,0.2738,0.653,0.75,+,112
DNMT1 exon 2,DNMT1,9,CTCGGCGAGTTCCGGGAGCT,0.2675,0.607,0.7,-,101
DNMT1 exon 2,DNMT1,10,GTTCCGACTCGGACTCGGGC,0.2658,0.43,0.7,-,78
